56,구운계란,700
64,<대표> 디카페인 변경,700
70,오트밀크 변경,700
1,온천계란,1000
27,공기밥,1000
91,짱아찌,1000
14,고추장떡볶이 1인분 사리2개,1100
73,아이스크림추가,1500
1,콘사라다,2000
1,포테토사라다,2000
11,코우슬로 샐러드,2000
27,된장찌개,2000
40,볶음밥,2000
49,멕스칸버거,2000
55,계란밥,2000
67,된장찌개,2000
69,치즈 토핑,2000
7,볶음밥 (1인분),2000
2,단팥빵,2400
2,소보루빵,2500
2,완두앙금,2500
49,에그버거,2500
49,치즈버거,2500
21,플레인 휘낭시에,2600
21,마들렌,2800
21,무화과 휘낭시에,2800
21,바닐라 까눌레,2800
21,초코 휘낭시에,2800
21,크림치즈 휘낭시에,2900
21,황치즈 휘낭시에,2900
14,라면사리,3000
2,콘브레드,3000
21,약과 휘낭시에,3000
21,츄낭시에,3000
21,쿠낭시에,3000
21,하트 휘낭시에,3000
29,사모사,3000
49,특버거,3000
52,<텃만꿍> 새우를 가득넣은 태국 전통 고로케,3000
8,주먹밥,3000
82,김치볶음밥,3000
84,유아용김밥,3000
21,레드벨벳 핑크 까눌레,3100
21,다크초콜릿 꽃 마들렌,3400
21,화이트(얼그레이) 꽃 마들렌,3400
2,고로케,3500
2,초코파이,3500
56,김치주먹밥,3500
56,물만두,3500
56,참치주먹밥,3500
61,<미니차슈동> 차슈가 토핑 되어진 미니 사이즈의 차슈 덮밥,3500
61,교자,3500
61,소보로고항,3500
84,로데오 김밥,3500
21,레몬 과자,3700
20,게살주먹밥,3800
2,생크림/슈크림 팥빵,4000
2,크림치즈소보루,4000
2,팥소보루,4000
47,<라임매실에이드> 라임과 매실의 조합 에이드,4000
47,<수정과 에이드> 수정과 에이드,4000
47,<오디청 에이드> 수제 오디청으로 만든 에이드,4000
49,떡오뎅+사리,4000
49,떡오뎅볶이,4000
49,오뎅+사리,4000
49,오뎅볶이,4000
52,카이록커이,4000
72,앙버터모나카(1pcs),4000
84,로데오라면,4000
20,야채김밥,4300
94,밀크 아이스크림 (컵),4300
94,에스프레소,4400
37,아메리카노,4500
54,<대표> 오리지널 타코야끼,4500
54,매콤,4500
60,<카페 아메리카노> 강렬한 에스프레소 샷에 뜨거운 물의 조화,4500
64,<대표> 크림 브륄레,4500
64,에스프레소,4500
20,매운오뎅김밥,4800
20,치즈김밥,4800
70,아메리카노/롱블랙,4800
29,<대표> 라차 파라타,4900
29,플레인 라씨,4900
31,"필스너,바이스비어,라거",4900
60,콜드 브루,4900
14,고추장 떡볶이,5000
14,라볶이,5000
14,짜장떡볶이,5000
2,초코범벅,5000
23,후식 버섯된장찌개,5000
40,계란찜,5000
40,묵사발,5000
43,<대표> 깍두기볶음밥,5000
43,묵사발,5000
44,꽃빵,5000
54,갈릭,5000
54,명란마요,5000
54,버터갈릭,5000
54,불닭마요,5000
54,스위트칠리,5000
54,와사비마요,5000
54,절대매콤,5000
54,청양마요,5000
54,크리미치즈,5000
60,카페 라떼,5000
60,카푸치노,5000
64,바스크 치즈케이크,5000
72,<대표> 아메리카노,5000
78,필터커피,5000
8,바지락라면,5000
82,"<간,천엽> 대 5,000원, 소 2,000원",5000
84,김치 김밥,5000
84,떡만두라면,5000
84,떡볶이,5000
84,멸추 김밥,5000
84,소세지김밥,5000
84,스팸 김밥,5000
84,유부초밥,5000
84,참치 마요김밥,5000
91,오뎅,5000
95,블론디브라우니,5000
95,아메리카노,5000
96,<순대> 포장5000,5000
96,라면,5000
70,카페라떼,5200
20,스팸김밥,5300
64,<대표> 브루잉커피,5300
64,우지 마차 바스크 치즈케이크,5300
94,룽고,5300
37,카페라떼,5500
49,떡오뎅 쫄면+사리,5500
54,네기(파),5500
54,뿌링,5500
54,청양고추마요,5500
60,에스프레소 프라푸치노,5500
60,카페 모카,5500
64,<콜드브루> 냉침방식으로 만든 라우더의 콜드브루입니다,5500
78,"블렌딩티(온고,지신)",5500
91,떡볶이,5500
91,우동,5500
95,라떼,5500
60,아이스 자몽 허니 블랙 티,5700
60,자몽 허니 블랙 티,5700
70,바닐라라떼,5700
70,카푸치노,5700
20,참치김밥,5800
31,"[시나몬] 굿나잇포터,임페리얼스타우트,초코복",5900
33,"냉면/물,비빔",5900
33,비빔밥,5900
33,순두부찌개,5900
33,청국장,5900
39,감태 단호박 크로켓 3개,5900
60,스타벅스 돌체 라떼,5900
60,카라멜 마키아또,5900
60,화이트 초콜릿 모카,5900
69,미취학아동,5900
70,허니몬,5900
94,카페라떼,5900
11,플레인 밀크 세이크,6000
14,떡국,6000
14,떡만둣국,6000
14,비빔냉면,6000
14,쫄면,6000
14,칼국수,6000
2,맘모스주니어,6000
42,일반모듬초밥(11P),6000
43,김치말이국수,6000
43,된장찌개,6000
43,차돌라면,6000
44,볶음밥,6000
44,온면,6000
52,쎄이꺽,6000
55,된장술밥,6000
55,매콤쫄면,6000
55,열무냉면,6000
56,<대표> 멸치국수,6000
64,<대표> 발로나 모카크림 라떼 HOT,6000
64,<대표> 발로나 모카크림 라떼 ICE,6000
64,<대표> 아인슈페너,6000
64,<대표> 아인슈페너 HOT,6000
64,시나몬 고구마크림 라떼,6000
64,콜드브루 라떼,6000
72,<대표> 커볶라떼,6000
72,바닐라라떼,6000
78,"밀크티(얼그레이,쑥,로즈)",6000
83,콰트로치즈조각피자,6000
84,라볶이,6000
84,소불고기김밥,6000
84,해장라면,6000
91,계란말이 김밥,6000
95,바나나푸딩,6000
95,시나몬너티,6000
20,<대표> 밥도둑김밥,6300
20,<대표> 샐러드김밥,6300
20,매운참치김밥,6300
60,망고 바나나 블렌디드,6300
60,자바 칩 프라푸치노,6300
56,멸치국밥,6500
64,<대표> 썸머라떼 (24년 version),6500
65,토마토바질주스,6500
65,파인애플주스,6500
70,커피쇼콜라라떼,6500
72,<대표> 서리테,6500
72,콜드브루,6500
73,<대표> 밀크티,6500
73,<라떼아인슈페너> 진하고 꼬숩한 라떼위에 달달한 생크림,6500
73,<라임모히또에이드> 수제과일청과 애플민트가 들어간 탄산음료,6500
95,<대표> 아인슈페너,6500
95,멜팅바스크,6500
95,크림모카,6500
70,쇼콜라라떼,6800
83,페페로니조각피자,6900
11,스트로베리 세이크,7000
11,오레오 세이크,7000
14,만둣국,7000
23,후식 물냉면,7000
26,새우볶음밥,7000
26,짜장면,7000
39,메밀 배추전,7000
39,우도땅콩막걸리,7000
42,캘리포니아롤,7000
44,김치볶음밥,7000
48,[평일 점심] 얼큰 김치찌개 세트,7000
48,[평일 점심] 우렁이 된장찌개 세트,7000
55,물냉(점심메뉴),7000
55,비냉(점심메뉴),7000
55,짜글이김치찌개+계란밥,7000
56,<대표> 비빔국수,7000
56,간장비빔국수,7000
56,얼큰국수,7000
63,콩국수,7000
65,사과케일,7000
68,찰순대,7000
72,브루잉커피,7000
73,<대표> 크럼블,7000
73,후르츠티펀치,7000
84,육개장,7000
92,<대표> 동파육덮밥,7000
92,볶음밥,7000
92,볶음짜장면,7000
92,우육탕면,7000
92,중화비빔밥,7000
95,<대표> 스트로베리필드,7000
95,<브루잉> 핸드드립커피,7000
95,티,7000
96,계란말이,7000
96,김치전,7000
96,두부김치,7000
70,딸기 / 복숭아 라떼,7200
12,우동,7500
2,맘모스빵,7500
54,<반반메뉴> 12알부터 모든메뉴 반반 가능합니다~,7500
56,숙주국수,7500
56,어묵국수,7500
56,유부국수,7500
57,냉모밀,7500
65,<대표> 딸기요거트,7500
71,만두,7500
73,<그린티바나나> 아이스크림 두스쿱과 견과류 과일토핑,7500
73,<런던치즈케이크> 상큼한 사워크림이 올라간 썸머치즈케이크,7500
73,<빅토리아케이크> 영국 빅토리아여왕이 즐겨먹었다던 스펀지케이크,7500
83,불고기조각피자,7500
94,아이스크림 카페라떼,7500
49,2인분)떡오뎅+사리2,7800
72,<대표> 항아리 티라미수,7800
31,"<대표> 바이젠복,앰버복",7900
33,묵은지냄비김치찌개,7900
33,제육볶음,7900
69,초등학생,7900
70,아포가또,7900
83,핫불고기조각피자,7900
14,고추장떡볶이 1인분 사리1개,8000
25,매운새우돈육말이,8000
25,새우부추딤섬,8000
25,새우쇼마이,8000
25,새우수정딤섬,8000
25,소고기치즈쇼마이,8000
37,<대표> 너티 몽블랑,8000
37,<대표> 카라멜 마리아주,8000
42,새우초밥(10P),8000
42,회덮밥,8000
43,육회비빔면,8000
52,<무삥 4ea> 돼지고기 꼬치구이,8000
53,콩나물 해장국,8000
55,"<가리비관자> 입안에서 터지는 바다의 감칠맛, 가리비관자",8000
55,된장찌개&계란밥(점심메뉴),8000
55,벌집껍데기,8000
56,고기멸치국수,8000
56,냉국수,8000
61,<대표> 돈코츠 라멘,8000
61,지로스타일,8000
63,만두국,8000
63,장칼국수,8000
65,<대표> 라임모히토,8000
75,토종순대?,8000
8,계란찜,8000
87,<대표> 튀김만두,8000
87,고기만두,8000
87,김치만두,8000
87,반반만두,8000
57,맛있게 매운돈까스,8500
57,봉이돈까스,8500
57,양념돈까스,8500
57,치킨까스,8500
61,<매운돈코츠라멘> 돈코츠 라멘의 매운 버전입니다.,8500
61,<신지로스타일> 지로 스타일의 매운 버전입니다.,8500
68,머리고기,8500
59,무끄럽텃(삼겹살튀김),8900
69,중.고생,8900
12,로스카츠,9000
16,<대표> 새싹쟁반국수(소 (2인)),9000
18,<대표> 타마고산도,9000
26,마라탕면,9000
26,마파두부덮밥,9000
26,매운짜장면,9000
26,잡채밥,9000
26,짬뽕,9000
30,<대표> 고기국수-보통,9000
30,고기국밥-보통,9000
30,몸국-보통,9000
30,비빔국수,9000
44,가지볶음밥,9000
46,<대표> 사생활 하이볼1,9000
48,[평일 점심] 야들 제육볶음밥 세트,9000
56,콩국수(계절),9000
61,<대표> 시오라멘(유자선택),9000
61,쇼유라멘,9000
61,중화소바,9000
63,바지락칼국수,9000
63,육개장,9000
71,만두얼큰칼국수,9000
71,만두칼국수,9000
74,순대국,9000
86,<대표> 순대국,9000
87,마파두부밥,9000
87,"만두국, 떡 만두국",9000
87,새우볶음밥,9000
87,잡채밥,9000
87,짬뽕밥,9000
96,닭곰탕,9000
96,순대국,9000
49,2인분)떡오뎅+사리3,9300
27,생삼겹살 100g,9400
27,우삼겹 100g,9400
1,요츠야텐동,9500
11,9온스 주니어 버거,9500
12,냉모밀,9500
57,봉이돈까스모밀 or 우동세트,9500
57,생선까스,9500
57,양념돈까스모밀 or 우동세트,9500
68,순대국,9500
75,<대표> 수육국밥?,9500
75,<대표> 순대국밥?,9500
75,순두부국밥?,9500
75,직화물냉면?,9500
75,직화비빔냉면?,9500
37,<대표> 크로플 베이직,9900
37,더치베이비 플레인,9900
69,성인,9900
10,짜장면,10000
11,그릴드 어니언 치즈 버거,10000
15,짜장면,10000
22,고르곤졸라피자,10000
26,건두부무침,10000
26,마라볶음면,10000
32,Carne Asada Taco,10000
32,Carnitas Taco,10000
32,Chicken Taco,10000
32,Chorizo Taco,10000
4,순대국,10000
47,<대표> 감자채전,10000
5,쿠바샌드위치 오리지널,10000
5,쿠바샌드위치 페퍼로니,10000
53,돌솥비빔밥(여름메뉴),10000
57,100%매운치즈돈까스,10000
57,100%양념치즈돈까스,10000
57,100%치즈돈까스,10000
57,"<봉이모듬> 돈,생선,치킨",10000
61,<대표> 마제소바,10000
71,얼큰바지락칼국수,10000
71,칼국수,10000
72,아이스크림모나카 2pcsset,10000
74,병천순대국,10000
74,뼈해장국,10000
74,살고기순대국,10000
74,특순대국,10000
75,<대표> 얼큰국밥?,10000
8,바지락번데기탕,10000
8,조개탕,10000
8,해물순두부,10000
86,<대표> 얼큰내장순대국,10000
86,뼈해장국,10000
86,시래기순대국,10000
87,얼큰만두국,10000
91,1인세트/김밥2줄+오뎅,10000
92,토마토계란볶음,10000
96,닭고기,10000
12,로스카츠반우동,10500
59,까파오덮밥(바질덮밥),10500
68,<대표> 백순대볶음,10500
68,<대표> 순대곱창볶음,10500
75,명태회냉면?,10500
76,<대표> 연어메밀소바 정식 (점심에만 판매),10500
91,1인세트/김밥2줄+떡볶이,10500
91,1인세트/김밥2줄+우동,10500
37,더치베이비 시나몬,10900
37,크로플 누텔라,10900
37,크로플 브라운치즈,10900
39,속~시원한 홍곰탕,10900
39,오늘도 맑은! 닭곰탕,10900
59,<대표> 꾸어이띠여우(쌀국수),10900
59,쏨땀(파파야샐러드),10900
65,아사이볼,10900
1,에비텐쥬,11000
100,<야끼소바> 클래식한 야끼소바 입니다,11000
11,갈릭BBQ버거,11000
12,옛날돈까스,11000
32,Shrimp Taco,11000
40,<대표> 냉동삼겹살,11000
40,목살,11000
42,연어롤,11000
52,<대표> 꾸에이띠어우 느아 뚠,11000
52,팟카파오무쌉 랏카우,11000
71,콩국수,11000
71,팥죽,11000
71,팥칼국수,11000
75,부대국밥?,11000
92,제육볶음,11000
1,요츠야텐동,11500
11,칠리 버거,11500
12,로스카츠반모밀,11500
68,오징어백순대,11500
49,3인분)떡오뎅+사리3,11700
41,<대표> 쿼드러플버거,11800
37,크로플 후르츠,11900
39,들깨 도토리묵,11900
55,<대표> 소-스 삼겹살,11900
59,카우팟(볶음밥),11900
59,팍붕화이댕(공심채볶음),11900
10,<대표> 삼선 짬뽕,12000
10,삼선 하얀짬뽕,12000
12,<대표> 돈까스김치나베,12000
12,돈까스우동,12000
15,옛날볶음밥,12000
15,잡채밥,12000
18,<대표> 가츠산도,12000
23,제육쌈밥,12000
26,차돌짬뽕,12000
26,토마토계란탕,12000
39,술친구~!! 오징어볶음,12000
4,특순대국,12000
40,오겹살,12000
41,대표,12000
42,구운모듬초밥(12ps),12000
42,구운새우초밥(12P),12000
42,새우모듬초밥(12P),12000
42,장새우초밥(12P),12000
42,특모듬초밥(15P),12000
47,<대표> 강된장 육회 보리 비빔밥,12000
47,<대표> 장조림 까르보나라,12000
47,<들깨 크림 파스타> 들깨 크림 파스타,12000
47,강된장 통베이컨 파스타,12000
48,[평일 점심] 달콤 한우육회 비빔밥,12000
48,[평일 점심] 매콤 한우육회 비빔밥,12000
51,<대표> 짱뚱어탕,12000
52,<대표> 똠얌누들 느아 뚠,12000
52,딸랏 쌀국수,12000
53,굴콩나물해장국(겨울메뉴),12000
6,간장새우15미(초밥아님),12000
65,<대표> 멜팅치즈 샌드위치,12000
65,<대표> 오리지날 수플레팬케이크,12000
65,바질 리코타 blt 샌드위치,12000
92,갈릭새우,12000
92,뀌바로우,12000
92,어향가지,12000
92,유린기,12000
96,내장탕,12000
96,편육,12000
11,<대표> 루꼴라 버거,12500
11,<대표> 캘리포니아 버거,12500
11,텅타이드 버거,12500
11,포시즌 버거,12500
57,100%매운치즈돈모밀 or 우동세트,12500
57,100%양념치즈돈모밀 or 우동세트,12500
57,100%치즈돈모밀 or 우동세트,12500
27,소갈비살 100g,12700
39,매콤 오징어볶음,12900
39,차돌 고추장찌개,12900
59,<대표> 카우카무(족발덮밥),12900
59,<팟타이꿍(타마린소스)> 한국이 가장 좋아하는 태국음식 팟타이,12900
9,<대표> 메밀들깨칼국수,12900
10,외래향특면,13000
10,우육탕면,13000
12,새우우동,13000
14,고추장떡볶이 2인분 사리1개,13000
15,팔공해물짬뽕,13000
18,<대표> 단뽀뽀오므라이스,13000
18,<대표> 부타동,13000
19,왕갈비탕,13000
22,페퍼로니피자,13000
30,돔베고기-반도마,13000
44,감자채볶음,13000
47,<대표> 명이나물 새우 알리오 올리오,13000
47,<대표> 시래기 누룽지 짬뽕 파스타,13000
47,우삼겹 불고기 파스타,13000
6,<특미초밥> 연어3/찐새우2/메까2/아카미3/계란2,13000
65,리코타 시즌 샐러드,13000
87,모듬만두,13000
92,<대표> 양꼬치,13000
97,<대표> 감바스 알아히요,13000
97,감바스 프리토스,13000
97,감바스 피칸테,13000
97,브리치즈 구이,13000
97,핀초,13000
49,3인분)떡오뎅+사리4,13200
100,<치킨난반> 닭다리살을 튀겨 타르타르소스와 함께 드려요,13500
100,멘치산도,13500
12,치돈우동,13500
12,치즈돈까스,13500
52,팟카파오무쌉 꿍쏫,13500
76,<대표> 스키야끼 나베정식 런치,13500
37,<대표> 더치베이비 후르츠,13900
39,닭구이덮밥,13900
39,새우쌈장 삼겹보쌈,13900
100,<고등어볶음밥> 후쿠오카식 고등어볶음밥.,14000
12,돈까스모밀,14000
12,새우김치나베,14000
14,고추장떡볶이 1인분 사리3개,14000
17,[YBD]로스 카츠/등심,14000
17,[버크셔K]로스 카츠/등심,14000
26,<대표> 꿔바로우,14000
30,고기국밥-특,14000
30,고기국수-특,14000
41,대표,14000
47,<김 전복 크림 리조또> 전복과 김페스토의 향긋함이 만난 보리리조또,14000
47,<대표> 고추장크림 제육 파스타,14000
53,부추전,14000
55,오겹살,14000
55,통항정살,14000
55,특목살,14000
75,수육백반정식?,14000
75,직화구이정식?,14000
77,<대표> 오삼불고기,14000
77,낙삼불고기,14000
86,<대표> 순대정식,14000
96,머리고기,14000
1,에비죠텐동,14500
11,나인온스 버거,14500
39,특! 닭다리곰탕,14500
48,뼈없는 생갈비(180g),14500
65,리모네 파스타,14500
76,<대표> 마제루롤 정식 런치,14500
76,<대표> 에비텐사케동 정식 런치,14500
76,<키와미연어 비빔우동 정식 런치> 새콤달콤 땅콩소스에 비며먹는 면요리 입니다,14500
29,<대표> 버터 마살라,14900
29,<대표> 순살 치킨 말라이 케밥,14900
29,달 마카니,14900
29,빈달루,14900
29,탄두리 치킨,14900
39,갈비찜덮밥,14900
46,<대표> 카츠 라이스 정식,14900
10,중국냉면,15000
100,카니미소(2PCS+주먹밥2PCS),15000
12,새우모밀,15000
17,[YBD]상로스 카츠/상등심,15000
17,[YBD]히레 카츠/안심,15000
17,[버크셔K]상로스 카츠/상등심,15000
18,<대표> 스키야키,15000
18,<대표> 카라이 스키야키,15000
23,오징어제육,15000
28,봉골레 파스타,15000
28,뽀모도로 파스타,15000
28,쉬림프 오일 파스타,15000
28,아마트리치아나,15000
28,트러플 베이컨 크림파스타,15000
3,무주 표고 삼합,15000
3,숙성특허 특고기,15000
30,제주찹쌀피순대,15000
39,반쪽 보쌈,15000
40,<대표> 생삼겹살,15000
42,광어초밥(10P),15000
44,경장육슬,15000
44,어향육슬,15000
44,지삼선,15000
47,<대표> 라구소스 묵은지 아란치니,15000
48,항정살(180g),15000
74,순대볶음,15000
76,<대표> 사케롤 정식 런치,15000
76,<대표> 스키야키 나베정식 디너,15000
79,톳명란 고사리 파스타,15000
82,<염통> (추가한접시),15000
87,유산슬밥,15000
92,마라향궈,15000
92,지삼선,15000
92,크림새우,15000
97,<대표> 감바스 알리오올리오,15000
97,비프피칸테 토마토파스타,15000
1,전복텐동,15500
1,토쿠죠텐동,15500
12,치돈모밀,15500
48,<대표> [평일 점심] 고기 外 단품식사 가능,15500
48,원뿔 한우육회(120g),15500
65,<대표> 대파크림 리가토니,15500
49,4인분)떡오뎅+사리4,15600
18,<대표> 쇼유사케동(연어덮밥),16000
23,<대표> A코스(제육+생선구이),16000
23,버섯소불고기,16000
26,<대표> 깐풍기,16000
26,짬뽕탕,16000
28,<대표> 지글지글 게살 치즈 크림 파스타,16000
28,루꼴라 우삼겹 오일 파스타,16000
28,보글보글 뚝배기 파스타,16000
28,우삼겹 로제 파스타,16000
28,자글자글 꼬꼬로제 파스타,16000
28,해산물오일파스타 spicy,16000
28,해산물크림파스타 spicy,16000
41,대표,16000
42,연어초밥(10P),16000
42,장어초밥(10P),16000
44,마라육단,16000
47,<대표> 콩가루 항정살 크림뇨끼,16000
48,<대표> 정숙성 꼬들살(180g) *한정수량,16000
48,<대표> 정숙성 삼겹살(180g) *한정수량,16000
5,<대표> 잠발라야,16000
5,<대표> 쿠바 샌드위치 세트,16000
52,<똠얌꿍> 새우를 넣어 맵고 시게 끓인 세계 3대 수프,16000
52,<똠얌꿍남싸이> 맑은 똠얌꿍,16000
65,<대표> 딸기 수플레팬케이크,16000
65,<대표> 브런치 플레이트,16000
65,앤쵸비 홍새우 오일파스타,16000
76,<대표> 마제루롤 정식 디너,16000
76,<대표> 에비텐사케동 정식 디너,16000
76,아나고에비텐동 정식 런치,16000
76,키와미연어 비빔우동 정식 디너,16000
77,낙지불고기,16000
77,오징어불고기,16000
79,<바사삭감자채전> 고성감자로 만든 바삭한 한식감자채전,16000
79,"<삼겹젓갈파스타> 갈치속젓,링귀니면,백된장숙성삼겹살",16000
80,멜란자네,16000
80,브리치즈구이,16000
97,하몽 샐러드,16000
18,<대표> 쇼유에비사케동(연어새우덮밥),16500
76,<대표> 사케롤정식 디너,16500
29,<대표> 비리야니 라이스,16900
46,<대표> 리틀 포레스트 리조또,16900
46,<대표> 명란카츠 크림 파스타,16900
46,<대표> 시골오일파스타,16900
46,<대표> 아라비아따 쉬림프 토마토 파스타,16900
46,<대표> 쿠스쿠스 바질치킨 샐러드 보울,16900
46,<대표> 하와이안 칠리 쉬림프 샐러드 볼,16900
100,고등어라구파스타,17000
100,마구로슈토아에,17000
100,엔쵸비파스타,17000
14,고추장떡볶이 1인분 사리4개,17000
23,생삼겹살,17000
27,생삼겹살 180g,17000
27,우삼겹 180g,17000
4,순대술국,17000
42,가족모듬초밥(20P),17000
45,<대표> 그릴드 엔쵸비,17000
45,<대표> 새우 로제,17000
45,루꼴라,17000
45,봉골레,17000
45,애플소보로 피자,17000
45,카프레제 밤,17000
5,<대표> 투움바 파스타,17000
53,해물김치전,17000
6,<연어초밥> 연어 12Pcs,17000
6,<특선초밥> 연어3/광어3/메까2/장새우2/장어2,17000
67,삼겹살,17000
67,우삼겹,17000
76,아보카도연어덮밥 정식 런치,17000
80,<샥슈카 에그 스튜> 샥슈카,17000
80,감바스 알 아히요,17000
80,판체타 까르보,17000
96,술국,17000
97,<대표> 감바스로제파스타,17000
97,<대표> 비프 펜네 스튜,17000
97,<대표> 송이송이 떡갈비 파스타,17000
49,4인분)떡오뎅+사리5,17100
1,<대표> 스폐샬텐동,17500
58,<대표> 밀크팥메론몽땅설빙,17500
58,<대표> 수박듬뿍화채설빙,17500
76,<아나고에비텐동 정식 디너> 디너에는 손마끼가 제공됩니다,17500
31,비프칠리감튀.치즈범벅감튀,17900
46,<대표> 라구 소스를 곁들인 리가토니 파스타,17900
46,<대표> 바닷마을 파스타,17900
46,<대표> 스카치에그 바질 크림파스타,17900
58,<대표> 요거치즈메론몽땅설빙,17900
100,<대표> 모듬조개술찜,18000
15,유산슬밥,18000
22,석쇠직화닭발,18000
23,<대표> B코스(소불고기+생선구이),18000
26,누롱지탕,18000
28,우(牛)왕 스테이크 파스타,18000
3,<대표> 먹거리x파일 착한 삼겹살,18000
3,<대표> 무항생제 목살,18000
3,무항생제 뼈목심,18000
3,숙성특허 갈매기살,18000
4,순대정식,18000
44,철판 소고기,18000
44,철판명란,18000
44,철판소배필,18000
44,철판소양,18000
44,향라쪽갈비,18000
45,<대표> 감바스 알 아히요,18000
45,볼로네제 라구,18000
45,치즈 트랩,18000
45,트러플 살라미,18000
6,<광어초밥> 광어12Pcs,18000
79,<육회김파스타> 곱창김소스 들깨링귀니면 마늘칩육회,18000
79,바싹 불고기 향채전,18000
79,의성마늘 닭전,18000
80,파고피자,18000
80,풍기피자,18000
87,<대표> 가지튀김,18000
97,치즈 플래터,18000
58,<대표> 과일흠뻑화채설빙,18500
76,<아보카도연어덮밥 정식 디너> 디너에는 손마끼가 제공됩니다,18500
31,까망베르치즈플래터,18900
46,<대표> 감동카츠 4종 플래터,18900
59,똠얌꿍,18900
100,<이소베마끼> 제철 등푸른 생선을 넣고 말아드리는 김말이,19000
15,잡탕밥,19000
22,쭈꾸미튀김,19000
23,차돌박이,19000
45,<대표> 멜란짜네,19000
45,FULL플레이트,19000
48,[평일 점심] 2인 김치찌개전골(中),19000
53,생굴 소,19000
6,<광어+연어> 광어6/연어6,19000
68,오징어순대,19000
75,불껍데기?,19000
80,<앤쵸비 봉골레> 신선한 조개와 엔쵸비의 조화,19000
80,바질 크림 뇨끼,19000
81,돼지갈비,19000
81,삼겹살,19000
50,가리비전골 1인,19500
31,독일식수제소세지,19900
31,베이컨치즈피자,19900
59,까이양(태국식 닭고기구이 튀김요리),19900
9,<대표> 동치미막국수 세트,19900
9,<대표> 비빔막국수 세트,19900
18,<대표> 킷사 아부리동,20000
3,숙성특허 항정살,20000
4,왕순대,20000
45,예약금,20000
51,<대표> 벌교참꼬막 한 접시,20000
51,양태구이,20000
51,양태찜,20000
7,<대표> 양념순대곱창 (2인분),20000
7,<대표> 원조백순대곱창 (2인분),20000
71,바지락탕,20000
79,명란치즈두부찌개,20000
96,모듬,20000
31,페퍼로니피자,20900
28,전복내장 톳 리조또,21000
39,차돌 고추장전골,21000
4,모듬순대,21000
43,차돌박이 (200g),21000
18,<대표> 비프카츠,22000
52,꿍팟퐁커리,22000
6,<대표> 특진초밥,22000
87,<대표> 고기튀김,22000
27,소갈비살 180g,23000
3,<대표> [한정 판매] 국내산 순종 듀록 목살,23000
3,<대표> [한정판매] 국내산 순종 듀록 오겹살,23000
3,한우 육회,23000
42,가족모듬초밥(32P),23000
6,<대표> 도로+연어,23000
67,갈비살,23000
75,김치찜?,23000
81,갈매기살,23000
97,하몽&치즈 플래터,23000
59,꿍팟퐁커리,23900
4,머릿고기수육,24000
75,얼큰술국?,24000
82,<곱창> 1인분(400g),24000
82,<대창> 1인분(300g),24000
82,<막창> 1인분(300g),24000
82,<모듬곱창> 1인분(400g),24000
83,콰트로치즈피자(한판),24000
31,메가클래식피자,24900
46,<대표> 갈릭 어니언 페퍼로니 피자,24900
100,<대표> 고등어봉초밥,25000
100,<대표> 네기토로마끼,25000
100,<대표> 전복내장파스타,25000
100,스키야키,25000
3,1++ 한우 차돌,25000
30,<대표> 돔베고기-보통,25000
51,새꼬막,25000
6,<도로+활어> 도로6/광어6,25000
74,내장모듬,25000
74,모듬순대,25000
74,병천순대,25000
74,수육,25000
74,술국,25000
79,들깨나물동파육,25000
79,직화쭈꾸미제육 두부김치,25000
87,<대표> 깐풍기,25000
93,대표,25000
93,대표,25000
46,<대표> 감동카츠 6종 플래터,25900
15,생등심 탕수육 소,26000
5,스페셜 비프 스테이크,26000
5,쿠바 샌드위치 플래터,26000
79,이강주 조개술찜,26000
83,<대표> 콰트로치즈&페퍼로니,26000
83,트러플 머쉬룸피자,26000
83,페퍼로니피자(한판),26000
83,포테이토피자,26000
83,체다치즈베이컨피자,27000
83,하와이언피자,27000
86,<대표> 쫄깃머릿수육,27000
59,랭쌥(태국식감자탕),27900
10,<대표> 외래향탕수육(小),28000
25,등심탕수육,28000
28,모힝 시그니처 플래터,28000
50,소소한 전골,28000
79,"<사태곱창전골> 아롱사태,소곱창전골",28000
97,<대표> 모즈 믹스타 빠에야,28000
97,<대표> 오징어먹물 빠에야,28000
46,<대표> 산촌스테이크,28900
82,양깃머리,29000
83,<대표> 2가지 피자,29000
83,레드핫스파이시치킨피자,29000
83,불고기피자,29000
83,핫스파이시불고기피자,29000
31,<대표> 크래프트플래터.라인플래터,29900
6,광어+연어,30000
7,원조백순대곱창 (3인분),30000
74,곱창전골,30000
74,섞어전골,30000
74,순대전골,30000
75,수육보쌈 중?,30000
43,육회 소 (200g),31000
48,<대표> 정숙성 돈마호크(2인 400g)*한정,31000
53,보쌈 소,31000
53,홍어찜 소,31000
53,홍어회 소,31000
8,<산오징어회 반> 추가만 가능,31000
22,석만이세트,32000
22,철만이세트,32000
6,쥬도ㄹ로,32000
81,소안창살,32000
16,<대표> 보쌈(소 (2인)),33000
43,육사시미 소 (200g),33000
5,쿠바노 런치세트,33000
6,<대표> 오도로,34000
86,<대표> 순대곱창전골,34000
93,대표,34000
10,깐풍기(小),35000
10,유린기(小),35000
10,칠리새우(小),35000
10,크림새우(小),35000
25,매정탁,35000
30,돔베고기-특,35000
5,쥬벤쿠바 세트,35000
51,산낙지탕탕이,35000
51,참조기 매운탕/구이,35000
53,생굴 대,35000
74,감자탕,35000
15,생등심 탕수육 중,36000
22,<대표> 눈꽃세트,36000
6,가마도로,36000
6,배꼽살,36000
100,<대표> 2인 사시미,37000
5,<대표> 파운드 폭립 플래터,37000
53,홍어삼합 소,37000
6,<대표> 오도로초밥,37000
22,<대표> 석삼이세트,38000
3,1++한우 등심,38000
15,양장피,39000
16,<대표> 보쌈(중 (3인)),39000
81,육회,39000
10,유산슬(小),40000
51,곰치탕/지리,40000
51,대구탕,40000
51,병어회/조림/구이,40000
36,조개찜/구이(소),42000
5,살치살 스테이크(시즌메뉴),42000
50,조개구이 소,42000
50,조개전골 소,42000
55,<대표> 충청삼겹 생고기모듬3종(500g),42000
93,대표,42000
15,깐풍기(중),43000
15,유린기(중),43000
81,생등심,43000
10,팔보채(小),45000
16,<대표> 보쌈(대 (4인)),45000
25,난정탁,45000
48,<대표> 정숙성 돈대갈비(3인 600g)*한정,45000
51,병어무침,45000
79,물레방아계절회(3~4人),45000
36,가리비찜/구이,46000
15,유산슬,48000
15,팔보채,48000
79,<대표> 대표메뉴: 반주한상(2~3人),48000
15,깐풍 중 새우 (중),49000
15,칠리 중 새우 (중),49000
5,"<근사한 세트> 샐러드, 식사메뉴 2종, 스페셜 드링크 2잔",49000
53,홍어찜 대,49000
53,홍어회 대,49000
38,<대표> 런치 오마카세,50000
51,연포탕,50000
36,조개찜/구이(중),52000
50,조개구이 중,52000
50,조개전골 중,52000
3,1++한우 살치살,53000
53,보쌈 대,54000
96,옻닭 (예약),55000
3,차돌 삼합 세트,59000
43,생등심 1+ (500g),59000
53,홍어삼합 대,59000
10,어향동고(小),60000
51,<대표> 꽃게탕,60000
36,조개찜/구이(대),62000
8,<산오징어찜> 2~3인용,62000
8,<산오징어회+찜> 2~3인용,62000
8,<산오징어회> 2~3인용,62000
5,맥주와 즐기는 폭립 세트,63000
43,<생등심 MIX (500g)> 생등심 1+250g 1++ 250g,65000
51,꽃게+수제비탕,65000
88,<대표> 돼지모둠,66000
88,<대표> 한우반마리,67000
50,조개구이 대,68000
50,조개전골 대,68000
79,<대표> 대표메뉴: 남도한상(2~3人),68000
43,<대표> 생등심 1++ (500g),69000
25,국정탁,70000
51,<대표> 꽃게무침,70000
5,우아한 스테이크 세트,73000
10,전가복(小),80000
25,죽정탁,90000
38,<대표> 디너 오마카세,90000
3,<대표> [예약 한정 판매] 밀랍 숙성 삼겹살,100000
88,<대표> 한우특수모둠,110000
88,<대표> 한우한마리,119000
88,<대표> 한우스페셜,149000
25,아리차이 정탁,150000
79,<대표> 선예약필수: 바다한상(4人~),150000
88,"<대표> 한우""특""모둠",150000
